民國年,西元年,月份,發布機關名稱,機關代碼,臺北市YouBike每月使用量（次數）
109,2020,11,臺北市政府交通局,379530000H,2730442
109,2020,12,臺北市政府交通局,379530000H,2072168
110,2021,1,臺北市政府交通局,379530000H,2291365
110,2021,2,臺北市政府交通局,379530000H,2208191
110,2021,3,臺北市政府交通局,379530000H,2799636
110,2021,4,臺北市政府交通局,379530000H,2717801
110,2021,5,臺北市政府交通局,379530000H,1956980
110,2021,6,臺北市政府交通局,379530000H,1147429
110,2021,7,臺北市政府交通局,379530000H,1578183
110,2021,8,臺北市政府交通局,379530000H,2070079
110,2021,9,臺北市政府交通局,379530000H,2474077
110,2021,10,臺北市政府交通局,379530000H,2643406
110,2021,11,臺北市政府交通局,379530000H,2833737
110,2021,12,臺北市政府交通局,379530000H,2816235
111,2022,1,臺北市政府交通局,379530000H,2474360
111,2022,2,臺北市政府交通局,379530000H,1753064
111,2022,3,臺北市政府交通局,379530000H,3185486
111,2022,4,臺北市政府交通局,379530000H,2885346
111,2022,5,臺北市政府交通局,379530000H,2103810
111,2022,6,臺北市政府交通局,379530000H,2602521
111,2022,7,臺北市政府交通局,379530000H,3307709
111,2022,8,臺北市政府交通局,379530000H,3522522
111,2022,9,臺北市政府交通局,379530000H,3177220
111,2022,10,臺北市政府交通局,379530000H,2829746
111,2022,11,臺北市政府交通局,379530000H,3473784
111,2022,12,臺北市政府交通局,379530000H,2813139
112,2023,1,臺北市政府交通局,379530000H,2887137
112,2023,2,臺北市政府交通局,379530000H,3077135
112,2023,3,臺北市政府交通局,379530000H,4098606
112,2023,4,臺北市政府交通局,379530000H,3663252
112,2023,5,臺北市政府交通局,379530000H,3978801
112,2023,6,臺北市政府交通局,379530000H,3655769
112,2023,7,臺北市政府交通局,379530000H,4015322
112,2023,8,臺北市政府交通局,379530000H,3873625
112,2023,9,臺北市政府交通局,379530000H,4191260
112,2023,10,臺北市政府交通局,379530000H,4202475
112,2023,11,臺北市政府交通局,379530000H,4439682
112,2023,12,臺北市政府交通局,379530000H,4041955
113,2024,1,臺北市政府交通局,379530000H,4002354
113,2024,2,臺北市政府交通局,379530000H,3648833
113,2024,3,臺北市政府交通局,379530000H,4945217
113,2024,4,臺北市政府交通局,379530000H,5312227
113,2024,5,臺北市政府交通局,379530000H,6096098
113,2024,6,臺北市政府交通局,379530000H,5308836
113,2024,7,臺北市政府交通局,379530000H,5609286
113,2024,8,臺北市政府交通局,379530000H,6278916
113,2024,9,臺北市政府交通局,379530000H,5869621
113,2024,10,臺北市政府交通局,379530000H,5306583
113,2024,11,臺北市政府交通局,379530000H,6017006
113,2024,12,臺北市政府交通局,379530000H,6568926
114,2025,1,臺北市政府交通局,379530000H,5643865
114,2025,2,臺北市政府交通局,379530000H,5302954
114,2025,3,臺北市政府交通局,379530000H,6353161
114,2025,4,臺北市政府交通局,379530000H,6376101
114,2025,5,臺北市政府交通局,379530000H,6710034
114,2025,6,臺北市政府交通局,379530000H,6687324
114,2025,7,臺北市政府交通局,379530000H,6640594
114,2025,8,臺北市政府交通局,379530000H,7429988
114,2025,9,臺北市政府交通局,379530000H,7599940
114,2025,10,臺北市政府交通局,379530000H,6599574
114,2025,11,臺北市政府交通局,379530000H,6940454
114,2025,12,臺北市政府交通局,379530000H,7309216
115,2026,1,臺北市政府交通局,379530000H,6810336
115,2026,2,臺北市政府交通局,379530000H,5837634
115,2026,3,臺北市政府交通局,379530000H,7751443
115,2026,4,臺北市政府交通局,379530000H,7389025
